Title,Company,Location
Python Developer,Python Developer,"Velvetech
Chicago, IL"
Python Developer,Python Developer,"Echelon Recruitment
New York, NY"
Senior Python Developer,Senior Python Developer,"UST Global
Remote in El Segundo, CA"
Python / C++ Quant Developer,Python / C++ Quant Developer,"J.K. Barnes
New York, NY"
Sr. Python Developer,Sr. Python Developer,"CIGNEX Datamatics
Remote"
PYTHON DEVELOPER,PYTHON DEVELOPER,"Pythonwise
Seattle, WA"
Python Engineer II (REMOTE),Python Engineer II (REMOTE),"MultiPlan Inc.
Remote"
Associate Software Developer - Python,Associate Software Developer - Python,"Sumitomo Mitsui Banking Corporation
Jersey City, NJ 07311"
Python Developer,Python Developer,"Intone Networks
Atlanta, GA"
Sr. Python Developer,Sr. Python Developer,"Realign LLC
Washington, DC"
Python Developer,Python Developer,"Amerilife Group, LLC
Clearwater, FL 33759"
Senior Python Developer,Senior Python Developer,"ION
New York, NY 10022"
Python Developer,Python Developer,"WebCreek
Houston, TX"
Data Engineer III - Python/AIML,Data Engineer III - Python/AIML,"JPMorganChase
Jersey City, NJ"
Data Engineer/Python Developer,Data Engineer/Python Developer,"CAP Digisoft Solutions
Frisco, TX 75033"
Python Developer,Python Developer,"CEDENT
Dallas, TX"
Python/C# Developer/SQL,Python/C# Developer/SQL,"Intone Networks
New York, NY 11211"
Python Developer - Risk Technology,Python Developer - Risk Technology,"Sumitomo Mitsui Banking Corporation
Jersey City, NJ 07311"
Python Sr Developer,Python Sr Developer,"Inclusion Cloud
Dallas, TX"
Senior Snowflake & Python Developer,Senior Snowflake & Python Developer,"High5
Jersey City, NJ"
Python/SQL Developer,Python/SQL Developer,"IDM People
Township of Hamilton, NJ 08619"
Entry-Level Python Developer,Entry-Level Python Developer,"Cortrucent Security
Gibbsboro, NJ"
Python Developer (supporting NOAA),Python Developer (supporting NOAA),"ASRC Federal
Remote"
Sr. Python Developer,Sr. Python Developer,"Photon
Irving, TX"
Senior Python Developer (Dallas),Senior Python Developer (Dallas),"Luxoft
Dallas, TX"
Senior Python Developer,Senior Python Developer,"Data Pro Software Solutions
Remote"
Lead Python Developer,Lead Python Developer,"Realign LLC
Chicago, IL"
Python Support Engineer/Developer,Python Support Engineer/Developer,"Eclerx
New York, NY"
Jr Software Developer- Remote,Jr Software Developer- Remote,"Lux Consulting Group Inc.
Remote"
Full stack Python Developer,Full stack Python Developer,"Tek Ninjas
Houston, TX 77002"
